"id_student","id_assessment","code_module","code_presentation","date_submitted","highest_education","gender","region","disability","studied_credits","score","final_result"
11391,1755,AAA,"2013J",164,HE Qualification,M,East Anglian Region,false,240,85,Pass
28400,1755,AAA,"2013J",164,HE Qualification,F,Scotland,false,60,64,Pass
31604,1755,AAA,"2013J",165,A Level or Equivalent,F,South East Region,false,60,88,Pass
32885,1755,AAA,"2013J",181,Lower Than A Level,F,West Midlands Region,false,60,35,Pass
38053,1755,AAA,"2013J",166,A Level or Equivalent,M,Wales,false,60,50,Pass
45462,1755,AAA,"2013J",166,HE Qualification,M,Scotland,false,60,75,Pass
45642,1755,AAA,"2013J",166,A Level or Equivalent,F,North Western Region,false,120,73,Pass
52130,1755,AAA,"2013J",173,A Level or Equivalent,F,East Anglian Region,false,90,72,Pass
53025,1755,AAA,"2013J",161,Post Graduate Qualification,M,North Region,false,60,80,Pass
57506,1755,AAA,"2013J",166,Lower Than A Level,M,South Region,false,60,80,Pass
58873,1755,AAA,"2013J",166,A Level or Equivalent,F,East Anglian Region,false,60,73,Pass
59185,1755,AAA,"2013J",166,Lower Than A Level,M,East Anglian Region,false,60,88,Pass
62155,1755,AAA,"2013J",164,HE Qualification,F,North Western Region,false,60,70,Pass
63400,1755,AAA,"2013J",166,Lower Than A Level,M,Scotland,false,60,76,Pass
65002,1753,AAA,"2013J",51,A Level or Equivalent,F,East Anglian Region,false,60,68,Withdrawn
65002,1753,AAA,"2014J",51,A Level or Equivalent,F,East Anglian Region,false,60,68,Fail
70464,1755,AAA,"2013J",164,A Level or Equivalent,F,West Midlands Region,false,60,61,Pass
71361,1755,AAA,"2013J",165,HE Qualification,M,Ireland,false,60,77,Pass
74372,1755,AAA,"2013J",166,A Level or Equivalent,M,East Anglian Region,false,150,49,Fail
75091,1755,AAA,"2013J",170,A Level or Equivalent,M,South West Region,false,60,65,Pass
77367,1755,AAA,"2013J",173,A Level or Equivalent,M,East Midlands Region,false,60,67,Pass
91265,1755,AAA,"2013J",170,HE Qualification,M,North Western Region,false,60,73,Pass
94961,1752,AAA,"2013J",17,Lower Than A Level,M,South Region,false,60,74,Withdrawn
94961,1752,AAA,"2014J",17,Lower Than A Level,M,South Region,false,60,74,Pass
98094,1755,AAA,"2013J",157,Lower Than A Level,M,Wales,false,60,61,Pass
100893,1755,AAA,"2013J",171,A Level or Equivalent,M,Yorkshire Region,false,60,74,Pass
101781,1755,AAA,"2013J",165,Lower Than A Level,M,South Region,false,60,66,Pass
102806,1755,AAA,"2013J",166,A Level or Equivalent,M,North Western Region,false,60,78,Pass
102952,1755,AAA,"2013J",166,HE Qualification,M,London Region,false,60,73,Pass
104476,1755,AAA,"2013J",166,Post Graduate Qualification,M,Ireland,false,60,77,Pass
106247,1754,AAA,"2013J",115,HE Qualification,M,South Region,false,60,47,Withdrawn
106577,1755,AAA,"2013J",173,Lower Than A Level,M,East Midlands Region,false,60,38,Pass
110175,1755,AAA,"2013J",165,HE Qualification,M,East Anglian Region,false,60,53,Pass
111717,1754,AAA,"2013J",117,HE Qualification,F,East Anglian Region,false,60,80,Pass
113295,1755,AAA,"2013J",173,Lower Than A Level,M,Yorkshire Region,false,60,75,Pass
114017,1755,AAA,"2013J",165,Post Graduate Qualification,F,North Region,false,60,72,Pass
114999,1755,AAA,"2013J",171,HE Qualification,M,Yorkshire Region,false,60,80,Pass
116541,1755,AAA,"2013J",173,HE Qualification,M,Wales,false,60,60,Pass
116692,1755,AAA,"2013J",163,A Level or Equivalent,M,East Anglian Region,false,60,78,Pass
118983,1755,AAA,"2013J",166,HE Qualification,M,East Midlands Region,false,120,63,Pass
123044,1755,AAA,"2013J",166,A Level or Equivalent,M,South Region,false,60,70,Pass
127582,1755,AAA,"2013J",173,A Level or Equivalent,F,East Midlands Region,false,180,75,Pass
129955,1754,AAA,"2013J",127,A Level or Equivalent,M,West Midlands Region,false,60,76,Withdrawn
129955,1754,AAA,"2014J",127,A Level or Equivalent,M,West Midlands Region,false,60,76,Withdrawn
132976,1755,AAA,"2013J",165,Lower Than A Level,F,East Anglian Region,false,120,72,Pass
134143,1755,AAA,"2013J",165,A Level or Equivalent,F,South East Region,false,60,86,Distinction
135400,1753,AAA,"2013J",49,Lower Than A Level,F,South East Region,true,60,51,Withdrawn
135400,1753,AAA,"2014J",49,Lower Than A Level,F,South East Region,true,60,51,Pass
137873,1755,AAA,"2013J",161,A Level or Equivalent,M,South West Region,false,60,78,Pass
141355,1755,AAA,"2013J",173,A Level or Equivalent,F,East Midlands Region,false,240,71,Pass
141377,1752,AAA,"2013J",54,A Level or Equivalent,M,South West Region,false,345,45,Withdrawn
141377,1752,AAA,"2014J",54,A Level or Equivalent,M,South West Region,false,210,45,Pass
142326,1755,AAA,"2013J",165,A Level or Equivalent,F,North Region,false,60,71,Pass
144801,1755,AAA,"2013J",166,HE Qualification,F,South Region,false,60,75,Pass
145130,1755,AAA,"2013J",177,HE Qualification,M,South West Region,false,120,48,Pass
146188,1755,AAA,"2013J",183,A Level or Equivalent,F,West Midlands Region,true,60,43,Fail
147756,1755,AAA,"2013J",172,Lower Than A Level,M,North Region,false,120,71,Fail
147756,1755,AAA,"2014J",172,Lower Than A Level,M,North Region,false,120,71,Pass
147793,1752,AAA,"2013J",32,Lower Than A Level,F,North Region,false,90,52,Withdrawn
148993,1754,AAA,"2013J",122,A Level or Equivalent,F,North Western Region,true,60,78,Withdrawn
148993,1754,AAA,"2014J",122,A Level or Equivalent,F,North Western Region,true,60,78,Pass
151358,1755,AAA,"2013J",164,A Level or Equivalent,F,London Region,false,150,53,Pass
155550,1755,AAA,"2013J",170,A Level or Equivalent,M,London Region,false,420,61,Pass
155854,1755,AAA,"2013J",165,A Level or Equivalent,F,East Midlands Region,false,60,81,Pass
155984,1753,AAA,"2013J",90,Lower Than A Level,F,East Anglian Region,false,60,75,Withdrawn
155984,1753,AAA,"2014J",90,Lower Than A Level,F,East Anglian Region,false,120,75,Pass
157568,1755,AAA,"2013J",181,A Level or Equivalent,F,South West Region,false,60,60,Pass
159954,1753,AAA,"2013J",61,A Level or Equivalent,M,East Midlands Region,false,60,68,Withdrawn
159954,1753,AAA,"2014J",61,A Level or Equivalent,M,East Midlands Region,false,60,68,Withdrawn
164259,1755,AAA,"2013J",168,A Level or Equivalent,M,Scotland,false,60,73,Pass
167906,1755,AAA,"2013J",173,A Level or Equivalent,F,Yorkshire Region,false,60,72,Pass
168936,1755,AAA,"2013J",166,Lower Than A Level,F,West Midlands Region,false,60,54,Pass
172112,1755,AAA,"2013J",180,HE Qualification,M,Ireland,false,60,72,Pass
172797,1755,AAA,"2013J",172,A Level or Equivalent,F,Ireland,false,60,66,Pass
174782,1755,AAA,"2013J",164,HE Qualification,M,East Anglian Region,false,60,83,Pass
175392,1755,AAA,"2013J",164,HE Qualification,M,North Region,false,60,93,Pass
175932,1755,AAA,"2013J",165,HE Qualification,M,North Western Region,false,60,82,Pass
175991,1755,AAA,"2013J",166,A Level or Equivalent,F,North Western Region,false,180,32,Fail
180753,1755,AAA,"2013J",164,A Level or Equivalent,M,South West Region,false,120,59,Pass
181316,1752,AAA,"2013J",20,A Level or Equivalent,F,South West Region,false,120,76,Withdrawn
183096,1755,AAA,"2013J",166,A Level or Equivalent,F,South West Region,false,60,52,Pass
183947,1755,AAA,"2013J",170,A Level or Equivalent,M,London Region,false,180,54,Pass
184271,1755,AAA,"2013J",158,HE Qualification,M,South West Region,false,170,53,Pass
185439,1752,AAA,"2013J",24,HE Qualification,M,London Region,false,120,74,Fail
186149,1755,AAA,"2013J",171,HE Qualification,M,Scotland,false,60,55,Pass
187100,1755,AAA,"2013J",164,A Level or Equivalent,M,South East Region,false,60,90,Distinction
188278,1752,AAA,"2013J",19,A Level or Equivalent,M,Yorkshire Region,false,120,76,Withdrawn
188278,1752,AAA,"2014J",19,A Level or Equivalent,M,Yorkshire Region,false,60,76,Pass
189879,1755,AAA,"2013J",166,A Level or Equivalent,M,Scotland,false,120,83,Pass
192183,1755,AAA,"2013J",165,Lower Than A Level,F,South West Region,false,60,75,Pass
195262,1754,AAA,"2013J",118,A Level or Equivalent,M,London Region,false,60,50,Withdrawn
200860,1755,AAA,"2013J",159,Lower Than A Level,M,London Region,false,60,53,Pass
202635,1754,AAA,"2013J",131,A Level or Equivalent,F,Wales,false,60,62,Withdrawn
205350,1754,AAA,"2013J",117,HE Qualification,M,South West Region,false,60,87,Pass
205719,1754,AAA,"2013J",124,A Level or Equivalent,M,East Anglian Region,true,90,40,Fail
227499,1754,AAA,"2013J",116,A Level or Equivalent,F,London Region,false,60,84,Distinction
227517,1754,AAA,"2013J",116,HE Qualification,M,Ireland,false,180,66,Fail
228082,1754,AAA,"2013J",117,HE Qualification,M,London Region,false,60,77,Pass
228222,1754,AAA,"2013J",131,Lower Than A Level,M,East Midlands Region,false,60,67,Pass
229179,1754,AAA,"2013J",115,A Level or Equivalent,M,West Midlands Region,false,60,70,Pass
229361,1754,AAA,"2013J",116,A Level or Equivalent,M,East Midlands Region,false,60,75,Pass
231554,1754,AAA,"2013J",118,A Level or Equivalent,M,London Region,false,240,63,Pass
235507,1752,AAA,"2013J",18,A Level or Equivalent,M,Yorkshire Region,false,240,65,Withdrawn
235507,1752,AAA,"2014J",18,A Level or Equivalent,M,Yorkshire Region,false,180,65,Pass
236284,1754,AAA,"2013J",117,Post Graduate Qualification,M,Scotland,false,60,83,Pass
238007,1754,AAA,"2013J",117,HE Qualification,M,South Region,false,60,68,Pass
240712,1754,AAA,"2013J",117,HE Qualification,M,London Region,false,80,80,Pass
240884,1754,AAA,"2013J",115,A Level or Equivalent,M,South Region,false,120,56,Pass
241649,1754,AAA,"2013J",115,HE Qualification,M,East Anglian Region,false,60,80,Pass
241729,1754,AAA,"2013J",114,HE Qualification,F,East Midlands Region,false,60,62,Fail
242793,1754,AAA,"2013J",116,HE Qualification,M,London Region,false,60,77,Pass
246834,1754,AAA,"2013J",117,A Level or Equivalent,M,South West Region,false,60,58,Pass
248270,1754,AAA,"2013J",116,Lower Than A Level,M,North Western Region,false,90,74,Pass
255548,1754,AAA,"2013J",119,Lower Than A Level,M,Wales,false,60,84,Pass
256815,1754,AAA,"2013J",123,HE Qualification,M,North Western Region,false,120,79,Pass
258392,1754,AAA,"2013J",117,Lower Than A Level,F,West Midlands Region,false,60,64,Pass
258894,1754,AAA,"2013J",117,Lower Than A Level,F,East Anglian Region,false,60,75,Pass
260355,1754,AAA,"2013J",127,A Level or Equivalent,F,London Region,false,60,,Withdrawn
260355,1754,AAA,"2014J",127,A Level or Equivalent,F,London Region,false,120,,Withdrawn
262011,1754,AAA,"2013J",117,A Level or Equivalent,M,East Midlands Region,false,60,70,Pass
262934,1754,AAA,"2013J",116,A Level or Equivalent,F,North Western Region,false,60,75,Pass
268073,1754,AAA,"2013J",113,A Level or Equivalent,M,East Anglian Region,false,90,83,Fail
268733,1754,AAA,"2013J",118,A Level or Equivalent,M,East Anglian Region,false,180,35,Withdrawn
268733,1754,AAA,"2014J",118,A Level or Equivalent,M,East Anglian Region,false,120,35,Fail
271251,1754,AAA,"2013J",117,A Level or Equivalent,M,Scotland,false,60,72,Pass
277880,1754,AAA,"2013J",119,A Level or Equivalent,F,South East Region,false,60,68,Withdrawn
277880,1754,AAA,"2014J",119,A Level or Equivalent,F,South East Region,false,120,68,Withdrawn
279572,1754,AAA,"2013J",110,Lower Than A Level,M,London Region,false,60,73,Distinction
281022,1754,AAA,"2013J",117,A Level or Equivalent,F,Scotland,false,150,74,Pass
281250,1754,AAA,"2013J",116,Lower Than A Level,M,Wales,false,60,65,Fail
282821,1754,AAA,"2013J",127,A Level or Equivalent,M,South West Region,false,60,72,Pass
286488,1754,AAA,"2013J",118,A Level or Equivalent,M,South East Region,false,60,77,Pass
287548,1754,AAA,"2013J",116,A Level or Equivalent,M,East Anglian Region,false,120,60,Pass
290201,1754,AAA,"2013J",117,A Level or Equivalent,M,Wales,false,60,75,Pass
290757,1754,AAA,"2013J",116,A Level or Equivalent,M,North Western Region,false,60,76,Pass
291334,1754,AAA,"2013J",116,A Level or Equivalent,M,South East Region,false,60,85,Distinction
293699,1754,AAA,"2013J",125,A Level or Equivalent,M,East Midlands Region,false,120,53,Pass
294570,1754,AAA,"2013J",114,HE Qualification,M,South East Region,false,60,78,Pass
294594,1754,AAA,"2013J",116,A Level or Equivalent,M,South East Region,false,60,54,Pass
295741,1754,AAA,"2013J",115,A Level or Equivalent,M,South East Region,false,240,52,Fail
296332,1754,AAA,"2013J",114,Post Graduate Qualification,M,South Region,false,60,94,Distinction
298696,1754,AAA,"2013J",117,HE Qualification,F,South East Region,false,60,85,Pass
300398,1754,AAA,"2013J",100,A Level or Equivalent,M,West Midlands Region,false,60,79,Pass
302302,1754,AAA,"2013J",117,A Level or Equivalent,F,East Anglian Region,false,60,59,Fail
305152,1752,AAA,"2013J",19,A Level or Equivalent,M,North Western Region,false,60,64,Fail
305386,1754,AAA,"2013J",117,A Level or Equivalent,M,West Midlands Region,true,120,83,Pass
306107,1754,AAA,"2013J",116,A Level or Equivalent,M,West Midlands Region,false,120,62,Pass
306466,1754,AAA,"2013J",116,A Level or Equivalent,M,East Anglian Region,false,60,88,Pass
306897,1754,AAA,"2013J",116,A Level or Equivalent,F,London Region,false,60,74,Pass
307061,1754,AAA,"2013J",117,HE Qualification,F,East Midlands Region,false,60,83,Pass
307866,1754,AAA,"2013J",117,A Level or Equivalent,M,West Midlands Region,false,60,73,Pass
311917,1754,AAA,"2013J",114,A Level or Equivalent,M,South West Region,false,120,61,Pass
312537,1754,AAA,"2013J",114,Post Graduate Qualification,M,South Region,false,60,88,Distinction
312782,1754,AAA,"2013J",116,A Level or Equivalent,M,South Region,false,60,60,Pass
318933,1754,AAA,"2013J",102,HE Qualification,F,East Anglian Region,false,120,62,Pass
319047,1754,AAA,"2013J",117,A Level or Equivalent,F,East Midlands Region,false,60,81,Pass
321942,1754,AAA,"2013J",116,HE Qualification,M,South Region,false,60,80,Pass
324002,1754,AAA,"2013J",117,HE Qualification,M,East Anglian Region,false,60,80,Pass
324084,1754,AAA,"2013J",114,A Level or Equivalent,F,South West Region,false,60,66,Pass
324282,1754,AAA,"2013J",117,A Level or Equivalent,M,South East Region,false,120,64,Pass
331358,1752,AAA,"2013J",18,HE Qualification,F,South Region,false,60,84,Withdrawn
331358,1752,AAA,"2014J",18,HE Qualification,F,South Region,false,60,84,Distinction
332789,1754,AAA,"2013J",117,A Level or Equivalent,F,East Anglian Region,false,60,72,Pass
333059,1754,AAA,"2013J",117,A Level or Equivalent,M,Scotland,false,120,73,Pass
333323,1754,AAA,"2013J",117,HE Qualification,M,Scotland,false,60,71,Pass
334259,1754,AAA,"2013J",118,A Level or Equivalent,F,London Region,false,150,49,Fail
334333,1752,AAA,"2013J",18,A Level or Equivalent,F,South West Region,true,240,36,Withdrawn
335764,1754,AAA,"2013J",117,A Level or Equivalent,F,South East Region,false,60,86,Withdrawn
335764,1754,AAA,"2014J",117,A Level or Equivalent,F,South East Region,false,60,86,Pass
336207,1754,AAA,"2013J",115,A Level or Equivalent,M,East Anglian Region,false,120,65,Pass
339972,1754,AAA,"2013J",115,A Level or Equivalent,M,North Region,false,60,52,Pass
341872,1754,AAA,"2013J",114,Lower Than A Level,M,East Anglian Region,false,180,63,Fail
342007,1752,AAA,"2013J",20,HE Qualification,F,West Midlands Region,false,60,75,Withdrawn
342007,1752,AAA,"2014J",20,HE Qualification,F,West Midlands Region,false,60,75,Pass
342514,1754,AAA,"2013J",107,Lower Than A Level,M,Scotland,false,60,79,Pass
342972,1754,AAA,"2013J",112,HE Qualification,M,Yorkshire Region,false,60,53,Pass
343446,1754,AAA,"2013J",117,HE Qualification,M,Ireland,false,120,78,Pass
344282,1754,AAA,"2013J",116,A Level or Equivalent,M,Yorkshire Region,false,60,47,Fail
345068,1754,AAA,"2013J",117,A Level or Equivalent,M,East Anglian Region,true,180,80,Pass
345357,1754,AAA,"2013J",111,A Level or Equivalent,M,Yorkshire Region,false,60,81,Distinction
346025,1754,AAA,"2013J",117,A Level or Equivalent,M,East Anglian Region,false,120,82,Pass
350188,1754,AAA,"2013J",117,HE Qualification,M,North Western Region,false,60,76,Pass
357668,1754,AAA,"2013J",117,A Level or Equivalent,M,Yorkshire Region,false,60,59,Fail
364177,1754,AAA,"2013J",117,Lower Than A Level,M,East Anglian Region,false,60,75,Fail
365244,1754,AAA,"2013J",117,A Level or Equivalent,F,London Region,false,120,59,Pass
365642,1754,AAA,"2013J",115,Lower Than A Level,M,East Anglian Region,false,60,77,Pass
366483,1754,AAA,"2013J",114,HE Qualification,M,South West Region,false,60,82,Pass
368194,1754,AAA,"2013J",117,A Level or Equivalent,F,South West Region,true,120,58,Pass
368824,1754,AAA,"2013J",116,HE Qualification,M,Wales,false,120,68,Fail
368963,1754,AAA,"2013J",94,Lower Than A Level,M,Yorkshire Region,false,180,73,Pass
376439,1754,AAA,"2013J",133,HE Qualification,M,North Region,false,60,89,Distinction
376581,1754,AAA,"2013J",116,A Level or Equivalent,F,South Region,false,60,62,Pass
380953,1754,AAA,"2013J",115,A Level or Equivalent,M,East Midlands Region,false,60,68,Pass
383254,1754,AAA,"2013J",116,A Level or Equivalent,M,Yorkshire Region,false,120,85,Pass
386924,1754,AAA,"2013J",117,Lower Than A Level,M,Ireland,false,120,80,Pass
386952,1754,AAA,"2013J",116,A Level or Equivalent,M,Yorkshire Region,false,120,71,Pass
388722,1754,AAA,"2013J",128,Lower Than A Level,F,London Region,false,60,70,Pass
388885,1754,AAA,"2013J",116,A Level or Equivalent,M,South West Region,false,60,54,Pass
390890,1754,AAA,"2013J",118,A Level or Equivalent,M,Scotland,false,90,54,Withdrawn
390890,1754,AAA,"2014J",118,A Level or Equivalent,M,Scotland,false,90,54,Pass
392756,1754,AAA,"2013J",117,A Level or Equivalent,M,West Midlands Region,false,120,55,Fail
392931,1754,AAA,"2013J",127,A Level or Equivalent,F,North Western Region,false,120,75,Pass
393207,1754,AAA,"2013J",116,A Level or Equivalent,M,North Western Region,false,60,75,Pass
396872,1754,AAA,"2013J",125,HE Qualification,M,Yorkshire Region,false,180,68,Pass
398552,1754,AAA,"2013J",117,Lower Than A Level,M,Yorkshire Region,false,240,47,Fail
401869,1754,AAA,"2013J",125,Lower Than A Level,F,South East Region,false,60,65,Pass
402470,1754,AAA,"2013J",114,Lower Than A Level,M,South West Region,false,60,80,Pass
404804,1754,AAA,"2013J",107,Lower Than A Level,M,Wales,false,120,52,Pass
405088,1754,AAA,"2013J",124,A Level or Equivalent,M,North Region,false,120,71,Pass
414117,1754,AAA,"2013J",124,A Level or Equivalent,M,Yorkshire Region,false,120,70,Pass
415969,1754,AAA,"2013J",124,HE Qualification,M,West Midlands Region,false,90,60,Withdrawn
415969,1754,AAA,"2014J",124,HE Qualification,M,West Midlands Region,false,60,60,Fail
420087,1754,AAA,"2013J",124,A Level or Equivalent,M,Scotland,true,60,72,Fail
429958,1754,AAA,"2013J",117,A Level or Equivalent,F,North Western Region,false,60,59,Pass
441018,1754,AAA,"2013J",116,A Level or Equivalent,F,South East Region,false,150,54,Pass
441888,1754,AAA,"2013J",117,A Level or Equivalent,M,London Region,false,120,70,Pass
442442,1753,AAA,"2013J",54,HE Qualification,M,South West Region,false,120,42,Withdrawn
444677,1754,AAA,"2013J",117,HE Qualification,M,London Region,false,60,85,Distinction
470588,1752,AAA,"2013J",19,HE Qualification,M,South East Region,false,60,86,Withdrawn
470588,1752,AAA,"2014J",19,HE Qualification,M,South East Region,false,60,86,Withdrawn
489455,1754,AAA,"2013J",113,A Level or Equivalent,F,South West Region,false,60,69,Pass
495284,1754,AAA,"2013J",116,HE Qualification,M,South East Region,false,120,68,Pass
498857,1754,AAA,"2013J",117,HE Qualification,M,North Western Region,false,60,72,Pass
508818,1754,AAA,"2013J",117,A Level or Equivalent,M,London Region,false,120,81,Pass
512460,1754,AAA,"2013J",113,HE Qualification,M,South East Region,false,120,83,Pass
544103,1754,AAA,"2013J",117,HE Qualification,M,North Western Region,false,120,80,Pass
550383,1754,AAA,"2013J",117,HE Qualification,M,South East Region,false,60,76,Pass
564450,1754,AAA,"2013J",114,HE Qualification,M,West Midlands Region,false,120,64,Fail
568601,1753,AAA,"2013J",60,HE Qualification,F,Scotland,false,60,78,Withdrawn
572652,1754,AAA,"2013J",146,HE Qualification,M,West Midlands Region,false,120,78,Pass
580389,1754,AAA,"2013J",117,HE Qualification,M,Ireland,false,120,72,Pass
581129,1754,AAA,"2013J",117,A Level or Equivalent,M,East Anglian Region,false,120,65,Fail
588775,1754,AAA,"2013J",116,A Level or Equivalent,M,South West Region,false,120,81,Pass
591774,1754,AAA,"2013J",117,Post Graduate Qualification,M,South Region,false,60,80,Pass
603861,1754,AAA,"2013J",117,HE Qualification,M,North Region,false,60,58,Withdrawn
603861,1754,AAA,"2014J",117,HE Qualification,M,North Region,false,60,58,Withdrawn
606143,1753,AAA,"2013J",54,Post Graduate Qualification,M,Scotland,false,60,54,Fail
704156,1754,AAA,"2013J",117,HE Qualification,M,South Region,false,120,69,Pass
705379,1754,AAA,"2013J",115,A Level or Equivalent,M,West Midlands Region,false,120,82,Distinction
721259,1752,AAA,"2013J",22,Lower Than A Level,F,South Region,false,120,,Withdrawn
721259,1752,AAA,"2014J",22,Lower Than A Level,F,South Region,false,60,,Withdrawn
749412,1754,AAA,"2013J",112,Lower Than A Level,M,South Region,false,60,73,Pass
760729,1754,AAA,"2013J",115,A Level or Equivalent,M,West Midlands Region,false,60,81,Distinction
905042,1754,AAA,"2013J",116,A Level or Equivalent,F,East Anglian Region,false,60,85,Pass
949618,1754,AAA,"2013J",116,A Level or Equivalent,F,South West Region,false,60,63,Pass
958987,1754,AAA,"2013J",116,HE Qualification,M,North Western Region,false,60,75,Pass
968578,1754,AAA,"2013J",120,A Level or Equivalent,F,East Anglian Region,false,60,73,Pass
969076,1754,AAA,"2013J",117,A Level or Equivalent,M,South West Region,false,180,59,Withdrawn
971027,1754,AAA,"2013J",116,HE Qualification,F,West Midlands Region,false,60,73,Pass
978739,1754,AAA,"2013J",117,HE Qualification,M,South Region,false,60,50,Pass
1035023,1754,AAA,"2013J",116,Lower Than A Level,F,London Region,false,60,72,Pass
1105478,1754,AAA,"2013J",120,HE Qualification,M,Scotland,false,60,80,Pass
1352868,1753,AAA,"2013J",64,A Level or Equivalent,M,Yorkshire Region,false,60,65,Withdrawn
1352868,1753,AAA,"2014J",64,A Level or Equivalent,M,Yorkshire Region,false,60,65,Pass
1401935,1753,AAA,"2013J",61,A Level or Equivalent,M,West Midlands Region,false,60,25,Fail
1402638,1754,AAA,"2013J",120,HE Qualification,F,East Midlands Region,false,60,76,Pass
1414443,1753,AAA,"2013J",106,A Level or Equivalent,F,Yorkshire Region,false,120,60,Fail
1465690,1754,AAA,"2013J",116,HE Qualification,M,West Midlands Region,false,120,85,Pass
1472925,1754,AAA,"2013J",124,Lower Than A Level,F,East Anglian Region,true,60,64,Fail
1472925,1754,AAA,"2014J",124,Lower Than A Level,F,East Anglian Region,true,60,64,Pass
1488959,1754,AAA,"2013J",117,A Level or Equivalent,M,London Region,false,60,63,Pass
1518989,1754,AAA,"2013J",117,Lower Than A Level,F,South East Region,false,60,70,Pass
1618738,1754,AAA,"2013J",115,Lower Than A Level,M,London Region,false,60,81,Pass
1620151,1754,AAA,"2013J",121,HE Qualification,M,South Region,false,60,70,Fail
1626710,1754,AAA,"2013J",115,A Level or Equivalent,M,North Western Region,false,60,86,Distinction
1640609,1754,AAA,"2013J",116,A Level or Equivalent,M,West Midlands Region,false,60,85,Pass
1686521,1752,AAA,"2013J",17,Lower Than A Level,F,North Western Region,false,60,68,Withdrawn
1729319,1754,AAA,"2013J",117,HE Qualification,F,Scotland,false,60,78,Pass
1746134,1754,AAA,"2013J",106,A Level or Equivalent,M,East Anglian Region,false,60,81,Pass
1758449,1753,AAA,"2013J",54,Lower Than A Level,M,South Region,false,75,57,Withdrawn
1765788,1754,AAA,"2013J",117,HE Qualification,M,South East Region,false,60,67,Pass
1801229,1754,AAA,"2013J",117,HE Qualification,M,Ireland,false,60,73,Pass
1801641,1754,AAA,"2013J",116,A Level or Equivalent,M,Scotland,false,60,80,Pass
1847830,1754,AAA,"2013J",116,Lower Than A Level,M,South West Region,false,60,75,Pass
1860318,1754,AAA,"2013J",117,Lower Than A Level,M,South West Region,true,300,62,Pass
1889511,1754,AAA,"2013J",124,A Level or Equivalent,M,Yorkshire Region,false,60,77,Pass
1889577,1754,AAA,"2013J",117,A Level or Equivalent,F,South Region,true,60,84,Pass
1894188,1754,AAA,"2013J",111,A Level or Equivalent,F,East Midlands Region,false,60,70,Pass
1938355,1754,AAA,"2013J",110,A Level or Equivalent,M,South Region,false,60,85,Pass
1942396,1754,AAA,"2013J",117,Lower Than A Level,F,East Anglian Region,true,120,40,Pass
1970390,1754,AAA,"2013J",122,Lower Than A Level,M,West Midlands Region,false,60,90,Withdrawn
1970390,1754,AAA,"2014J",122,Lower Than A Level,M,West Midlands Region,false,120,90,Pass
1976139,1754,AAA,"2013J",116,Lower Than A Level,M,Ireland,false,120,78,Pass
2011876,1754,AAA,"2013J",117,A Level or Equivalent,F,East Anglian Region,true,60,78,Pass
2012966,1754,AAA,"2013J",116,Lower Than A Level,M,North Western Region,false,60,78,Pass
2051699,1754,AAA,"2013J",117,Lower Than A Level,F,South West Region,false,60,64,Pass
2062879,1754,AAA,"2013J",116,A Level or Equivalent,F,East Anglian Region,false,60,65,Fail
2065691,1754,AAA,"2013J",85,A Level or Equivalent,M,London Region,true,330,37,Withdrawn
2073016,1754,AAA,"2013J",139,Lower Than A Level,F,London Region,false,60,68,Withdrawn
2073016,1754,AAA,"2014J",139,Lower Than A Level,F,London Region,false,60,68,Fail
2080474,1754,AAA,"2013J",116,A Level or Equivalent,F,South Region,false,60,72,Pass
2083877,1754,AAA,"2013J",123,A Level or Equivalent,F,West Midlands Region,false,120,68,Pass
2084066,1754,AAA,"2013J",130,Lower Than A Level,F,South West Region,false,60,62,Fail
2104505,1754,AAA,"2013J",117,Lower Than A Level,M,West Midlands Region,false,60,49,Pass
2122180,1754,AAA,"2013J",117,Lower Than A Level,F,North Western Region,false,60,82,Distinction
2139353,1754,AAA,"2013J",121,A Level or Equivalent,M,London Region,false,120,71,Withdrawn
2139353,1754,AAA,"2014J",121,A Level or Equivalent,M,London Region,false,60,71,Pass
2143752,1754,AAA,"2013J",116,Lower Than A Level,F,South Region,false,60,52,Pass
2146792,1754,AAA,"2013J",117,HE Qualification,M,North Western Region,false,60,78,Pass
2153153,1754,AAA,"2013J",116,A Level or Equivalent,F,Yorkshire Region,false,60,71,Pass
2155014,1754,AAA,"2013J",114,Lower Than A Level,F,West Midlands Region,true,60,73,Pass
2164705,1752,AAA,"2013J",18,A Level or Equivalent,F,North Western Region,false,120,70,Fail
2171627,1754,AAA,"2013J",113,A Level or Equivalent,F,Yorkshire Region,false,60,72,Pass
2182846,1754,AAA,"2013J",114,A Level or Equivalent,F,London Region,false,60,64,Pass
2194100,1754,AAA,"2013J",116,A Level or Equivalent,F,East Anglian Region,false,60,66,Pass
2197016,1754,AAA,"2013J",114,HE Qualification,F,North Western Region,false,60,76,Pass
2208424,1754,AAA,"2013J",116,A Level or Equivalent,M,Scotland,false,60,81,Pass
2229865,1754,AAA,"2013J",116,A Level or Equivalent,F,West Midlands Region,false,60,75,Pass
2255601,1753,AAA,"2013J",58,A Level or Equivalent,F,South Region,false,120,38,Withdrawn
2268379,1754,AAA,"2013J",117,A Level or Equivalent,F,East Midlands Region,false,60,83,Pass
2278464,1754,AAA,"2013J",116,Lower Than A Level,M,South Region,false,60,58,Pass
2293923,1754,AAA,"2013J",123,A Level or Equivalent,M,South Region,false,150,52,Pass
2312620,1754,AAA,"2013J",120,HE Qualification,F,East Midlands Region,false,60,34,Withdrawn
2329342,1754,AAA,"2013J",124,Lower Than A Level,F,East Anglian Region,false,120,60,Pass
2339528,1754,AAA,"2013J",117,Lower Than A Level,F,London Region,false,60,84,Distinction
2342426,1754,AAA,"2013J",117,Lower Than A Level,M,Yorkshire Region,false,60,71,Fail
2344901,1754,AAA,"2013J",130,A Level or Equivalent,F,Yorkshire Region,false,60,35,Fail
2358056,1754,AAA,"2013J",117,HE Qualification,F,North Region,false,60,79,Fail
2358969,1752,AAA,"2013J",19,A Level or Equivalent,F,East Anglian Region,false,180,68,Withdrawn
2358969,1752,AAA,"2014J",19,A Level or Equivalent,F,East Anglian Region,false,60,68,Pass
2364471,1754,AAA,"2013J",118,HE Qualification,F,Scotland,true,60,85,Pass
2367155,1754,AAA,"2013J",117,A Level or Equivalent,F,East Anglian Region,false,120,80,Pass
2369266,1754,AAA,"2013J",116,Lower Than A Level,F,London Region,false,60,40,Pass
2376496,1754,AAA,"2013J",116,A Level or Equivalent,F,East Midlands Region,false,120,70,Pass
2391984,1754,AAA,"2013J",118,A Level or Equivalent,M,South Region,false,60,75,Withdrawn
2411661,1754,AAA,"2013J",122,A Level or Equivalent,F,South Region,false,120,40,Fail
2411778,1753,AAA,"2013J",52,HE Qualification,M,Scotland,false,120,83,Withdrawn
2412002,1754,AAA,"2013J",135,Lower Than A Level,M,South West Region,false,90,81,Distinction
2412967,1754,AAA,"2013J",117,A Level or Equivalent,F,South Region,false,60,80,Pass
2429854,1752,AAA,"2013J",24,A Level or Equivalent,M,London Region,true,120,51,Withdrawn
2429854,1752,AAA,"2014J",24,A Level or Equivalent,M,London Region,true,60,51,Fail
2437837,1754,AAA,"2013J",116,A Level or Equivalent,F,North Region,false,60,69,Pass
2449878,1754,AAA,"2013J",122,A Level or Equivalent,F,East Midlands Region,false,60,57,Pass
2456480,1754,AAA,"2013J",123,Lower Than A Level,M,Scotland,false,120,0,Fail
2457256,1754,AAA,"2013J",118,Lower Than A Level,M,South Region,false,180,85,Pass
2458355,1754,AAA,"2013J",117,Lower Than A Level,M,London Region,false,60,95,Pass
2460080,1754,AAA,"2013J",117,HE Qualification,M,Scotland,false,60,77,Pass
2461190,1753,AAA,"2013J",56,HE Qualification,M,South Region,false,60,50,Fail
2469673,1754,AAA,"2013J",116,Lower Than A Level,F,Yorkshire Region,false,60,52,Fail
2470694,1753,AAA,"2013J",55,HE Qualification,F,Scotland,false,60,67,Withdrawn
2470694,1753,AAA,"2014J",55,HE Qualification,F,Scotland,false,60,67,Fail
2479954,1754,AAA,"2013J",117,A Level or Equivalent,M,North Western Region,false,60,82,Pass
2481901,1754,AAA,"2013J",116,Lower Than A Level,M,Wales,false,60,83,Pass
2482700,1754,AAA,"2013J",117,Lower Than A Level,M,South Region,false,120,52,Pass
2486127,1754,AAA,"2013J",106,HE Qualification,F,East Anglian Region,false,120,76,Pass
2498700,1754,AAA,"2013J",117,Lower Than A Level,F,North Western Region,false,240,77,Pass
2516503,1754,AAA,"2013J",117,HE Qualification,M,South East Region,false,60,82,Pass
2518069,1754,AAA,"2013J",118,A Level or Equivalent,M,East Midlands Region,false,60,80,Pass
2521459,1754,AAA,"2013J",117,Lower Than A Level,F,London Region,false,60,54,Pass
2523736,1754,AAA,"2013J",127,A Level or Equivalent,M,North Western Region,false,120,62,Pass
2529279,1754,AAA,"2013J",116,HE Qualification,F,North Western Region,false,60,75,Pass
2532302,1754,AAA,"2013J",78,A Level or Equivalent,F,East Anglian Region,false,60,64,Pass
2536991,1754,AAA,"2013J",120,HE Qualification,M,South Region,false,60,80,Distinction
2550279,1754,AAA,"2013J",124,HE Qualification,F,North Region,false,60,62,Pass
2551220,1754,AAA,"2013J",117,Lower Than A Level,F,South Region,false,60,67,Pass
2552472,1753,AAA,"2013J",75,HE Qualification,F,South Region,false,120,45,Withdrawn
2555340,1754,AAA,"2013J",116,HE Qualification,F,South Region,false,60,70,Pass
2557283,1754,AAA,"2013J",116,HE Qualification,M,Yorkshire Region,false,60,88,Pass
2559575,1754,AAA,"2013J",115,Lower Than A Level,M,South West Region,false,60,85,Pass
2562034,1754,AAA,"2013J",117,A Level or Equivalent,M,East Anglian Region,false,60,60,Pass
2566163,1754,AAA,"2013J",117,A Level or Equivalent,F,South Region,false,60,65,Pass
2566592,1754,AAA,"2013J",115,A Level or Equivalent,F,South Region,false,60,60,Pass
2574528,1754,AAA,"2013J",112,HE Qualification,M,Ireland,false,60,78,Pass
2574583,1754,AAA,"2013J",124,Lower Than A Level,M,Yorkshire Region,false,60,75,Pass
2576122,1752,AAA,"2013J",18,A Level or Equivalent,M,North Western Region,false,60,64,Withdrawn
2576122,1752,AAA,"2014J",18,A Level or Equivalent,M,North Western Region,false,60,64,Fail
2578995,1754,AAA,"2013J",117,A Level or Equivalent,F,West Midlands Region,true,60,81,Pass
2586560,1754,AAA,"2013J",115,Lower Than A Level,F,East Anglian Region,false,60,84,Pass
2594139,1754,AAA,"2013J",134,A Level or Equivalent,F,South West Region,false,60,79,Pass
2598871,1754,AAA,"2013J",116,A Level or Equivalent,F,East Anglian Region,false,60,78,Pass
2599352,1754,AAA,"2013J",121,A Level or Equivalent,F,Scotland,false,120,77,Pass
2600688,1754,AAA,"2013J",115,A Level or Equivalent,M,West Midlands Region,false,60,72,Pass
2606098,1754,AAA,"2013J",121,A Level or Equivalent,F,East Midlands Region,false,60,71,Pass
2613116,1754,AAA,"2013J",116,Lower Than A Level,F,London Region,false,60,85,Pass
2617002,1754,AAA,"2013J",117,A Level or Equivalent,F,Yorkshire Region,false,60,67,Pass
2639449,1754,AAA,"2013J",123,A Level or Equivalent,M,East Midlands Region,false,120,49,Pass
2639540,1754,AAA,"2013J",117,A Level or Equivalent,F,North Western Region,false,60,80,Pass
2639641,1754,AAA,"2013J",108,Lower Than A Level,M,South East Region,false,120,58,Pass
2641155,1754,AAA,"2013J",116,Lower Than A Level,M,East Midlands Region,false,60,79,Pass
2643002,1754,AAA,"2013J",126,A Level or Equivalent,F,South West Region,false,60,59,Pass
2645733,1754,AAA,"2013J",115,A Level or Equivalent,F,South West Region,false,180,83,Pass
2649826,1754,AAA,"2013J",107,Lower Than A Level,M,East Anglian Region,false,60,85,Distinction
2650282,1754,AAA,"2013J",117,A Level or Equivalent,M,London Region,false,60,85,Pass
2664024,1754,AAA,"2013J",117,HE Qualification,M,South East Region,false,60,64,Pass
2666246,1754,AAA,"2013J",116,A Level or Equivalent,M,North Western Region,false,60,74,Pass
2669816,1754,AAA,"2013J",115,A Level or Equivalent,M,Yorkshire Region,false,60,66,Fail
2671132,1754,AAA,"2013J",116,HE Qualification,M,London Region,false,60,78,Pass
2676809,1754,AAA,"2013J",117,HE Qualification,F,North Region,false,150,48,Fail
2678643,1754,AAA,"2013J",118,A Level or Equivalent,F,South Region,false,60,66,Pass
2685865,1754,AAA,"2013J",117,Lower Than A Level,F,East Midlands Region,false,60,83,Pass
2688067,1754,AAA,"2013J",117,A Level or Equivalent,M,East Anglian Region,false,60,63,Pass
2689958,1754,AAA,"2013J",117,A Level or Equivalent,M,East Anglian Region,false,60,80,Distinction
2691206,1754,AAA,"2013J",117,A Level or Equivalent,F,West Midlands Region,false,60,78,Distinction
2691244,1754,AAA,"2013J",114,A Level or Equivalent,M,South Region,false,180,60,Pass
2694424,1754,AAA,"2013J",116,A Level or Equivalent,M,East Anglian Region,false,120,80,Pass
2698257,1754,AAA,"2013J",124,Lower Than A Level,M,East Midlands Region,false,120,76,Pass
