id_site,"code_module","code_presentation","activity_type","week_from","week_to"
546943,"AAA","2013J","resource","",""
546712,"AAA","2013J","oucontent","",""
546998,"AAA","2013J","resource","",""
546888,"AAA","2013J","url","",""
547035,"AAA","2013J","resource","",""
546614,"AAA","2013J","homepage","",""
546897,"AAA","2013J","url","",""
546678,"AAA","2013J","oucontent","",""
546933,"AAA","2013J","resource","",""
546708,"AAA","2013J","oucontent","",""
546995,"AAA","2013J","resource","",""
546884,"AAA","2013J","url","",""
547031,"AAA","2013J","resource","",""
546891,"AAA","2013J","url","",""
546675,"AAA","2013J","oucontent","",""
546927,"AAA","2013J","resource","",""
546705,"AAA","2013J","oucontent","",""
546991,"AAA","2013J","resource","",""
546876,"AAA","2013J","subpage","",""
547027,"AAA","2013J","resource","",""
546671,"AAA","2013J","oucontent","",""
546923,"AAA","2013J","resource","",""
546702,"AAA","2013J","oucontent","",""
546988,"AAA","2013J","resource","",""
546872,"AAA","2013J","subpage","",""
547024,"AAA","2013J","resource","",""
546668,"AAA","2013J","oucontent","",""
546920,"AAA","2013J","resource","",""
546699,"AAA","2013J","oucontent","",""
546985,"AAA","2013J","resource","",""
546739,"AAA","2013J","oucontent","",""
547021,"AAA","2013J","resource","",""
546665,"AAA","2013J","oucontent","",""
546917,"AAA","2013J","resource","",""
546695,"AAA","2013J","oucontent","",""
546982,"AAA","2013J","resource","",""
546736,"AAA","2013J","oucontent","",""
547018,"AAA","2013J","resource","",""
546661,"AAA","2013J","glossary","",""
546692,"AAA","2013J","oucontent","",""
546972,"AAA","2013J","resource","",""
546733,"AAA","2013J","oucontent","",""
547014,"AAA","2013J","resource","",""
546658,"AAA","2013J","forumng","",""
546914,"AAA","2013J","resource","",""
546689,"AAA","2013J","oucontent","",""
546968,"AAA","2013J","resource","",""
546728,"AAA","2013J","oucontent","",""
547011,"AAA","2013J","resource","",""
547066,"AAA","2013J","oucollaborate","",""
546655,"AAA","2013J","forumng","",""
546910,"AAA","2013J","resource","",""
546686,"AAA","2013J","oucontent","",""
546961,"AAA","2013J","resource","",""
546723,"AAA","2013J","oucontent","",""
547007,"AAA","2013J","resource","",""
547048,"AAA","2013J","dataplus","",""
546652,"AAA","2013J","forumng","",""
546906,"AAA","2013J","resource","",""
546954,"AAA","2013J","resource","",""
546717,"AAA","2013J","oucontent","",""
547004,"AAA","2013J","resource","",""
547042,"AAA","2013J","resource","",""
546649,"AAA","2013J","forumng","",""
546903,"AAA","2013J","url","",""
546683,"AAA","2013J","oucontent","",""
546948,"AAA","2013J","resource","",""
546714,"AAA","2013J","oucontent","",""
547001,"AAA","2013J","resource","",""
547037,"AAA","2013J","resource","",""
546645,"AAA","2013J","forumng","",""
546899,"AAA","2013J","url","",""
546680,"AAA","2013J","oucontent","",""
546942,"AAA","2013J","resource","",""
546711,"AAA","2013J","oucontent","",""
546997,"AAA","2013J","resource","",""
546887,"AAA","2013J","url","",""
547034,"AAA","2013J","resource","",""
546896,"AAA","2013J","url","",""
546677,"AAA","2013J","oucontent","",""
546930,"AAA","2013J","resource","",""
546707,"AAA","2013J","oucontent","",""
546994,"AAA","2013J","resource","",""
546883,"AAA","2013J","url","",""
547030,"AAA","2013J","resource","",""
546890,"AAA","2013J","url","",""
546674,"AAA","2013J","oucontent","",""
546925,"AAA","2013J","resource","",""
546704,"AAA","2013J","oucontent","",""
546990,"AAA","2013J","resource","",""
546874,"AAA","2013J","subpage","",""
547026,"AAA","2013J","resource","",""
546670,"AAA","2013J","oucontent","",""
546922,"AAA","2013J","resource","",""
546701,"AAA","2013J","oucontent","",""
546987,"AAA","2013J","resource","",""
546871,"AAA","2013J","subpage","",""
547023,"AAA","2013J","resource","",""
546667,"AAA","2013J","oucontent","",""
546919,"AAA","2013J","resource","",""
546697,"AAA","2013J","oucontent","",""
546984,"AAA","2013J","resource","",""
546738,"AAA","2013J","oucontent","",""
547020,"AAA","2013J","resource","",""
546664,"AAA","2013J","oucontent","",""
546694,"AAA","2013J","oucontent","",""
546975,"AAA","2013J","resource","",""
546735,"AAA","2013J","oucontent","",""
547017,"AAA","2013J","resource","",""
546660,"AAA","2013J","glossary","",""
546916,"AAA","2013J","resource","",""
546691,"AAA","2013J","oucontent","",""
546971,"AAA","2013J","resource","",""
546732,"AAA","2013J","oucontent","2","2"
547013,"AAA","2013J","resource","",""
546657,"AAA","2013J","forumng","",""
546913,"AAA","2013J","resource","",""
546688,"AAA","2013J","oucontent","",""
546966,"AAA","2013J","resource","",""
546726,"AAA","2013J","oucontent","",""
547009,"AAA","2013J","resource","",""
547050,"AAA","2013J","dataplus","",""
546654,"AAA","2013J","forumng","",""
546909,"AAA","2013J","resource","",""
546685,"AAA","2013J","oucontent","",""
546960,"AAA","2013J","resource","",""
546721,"AAA","2013J","oucontent","",""
547006,"AAA","2013J","resource","",""
547047,"AAA","2013J","dataplus","",""
546651,"AAA","2013J","forumng","",""
546905,"AAA","2013J","url","",""
546952,"AAA","2013J","resource","",""
546716,"AAA","2013J","oucontent","",""
547003,"AAA","2013J","resource","",""
547040,"AAA","2013J","resource","",""
546648,"AAA","2013J","forumng","",""
546901,"AAA","2013J","url","",""
546682,"AAA","2013J","oucontent","",""
546947,"AAA","2013J","resource","",""
546713,"AAA","2013J","oucontent","",""
547000,"AAA","2013J","resource","",""
546889,"AAA","2013J","url","",""
547036,"AAA","2013J","resource","",""
546644,"AAA","2013J","forumng","",""
546898,"AAA","2013J","url","",""
546679,"AAA","2013J","oucontent","",""
546935,"AAA","2013J","resource","",""
546709,"AAA","2013J","oucontent","",""
546996,"AAA","2013J","resource","",""
546885,"AAA","2013J","url","",""
547032,"AAA","2013J","resource","",""
546894,"AAA","2013J","url","",""
546676,"AAA","2013J","oucontent","",""
546928,"AAA","2013J","resource","",""
546706,"AAA","2013J","oucontent","",""
546992,"AAA","2013J","resource","",""
546879,"AAA","2013J","subpage","",""
547028,"AAA","2013J","resource","",""
546672,"AAA","2013J","oucontent","",""
546924,"AAA","2013J","resource","",""
546703,"AAA","2013J","oucontent","",""
546989,"AAA","2013J","resource","",""
546873,"AAA","2013J","subpage","",""
547025,"AAA","2013J","resource","",""
546669,"AAA","2013J","oucontent","",""
546921,"AAA","2013J","resource","",""
546700,"AAA","2013J","oucontent","",""
546986,"AAA","2013J","resource","",""
546740,"AAA","2013J","oucontent","",""
547022,"AAA","2013J","resource","",""
546666,"AAA","2013J","oucontent","",""
546918,"AAA","2013J","resource","",""
546696,"AAA","2013J","oucontent","",""
546983,"AAA","2013J","resource","",""
546737,"AAA","2013J","oucontent","",""
547019,"AAA","2013J","resource","",""
546662,"AAA","2013J","oucontent","",""
546693,"AAA","2013J","oucontent","",""
546974,"AAA","2013J","resource","",""
546734,"AAA","2013J","oucontent","",""
547015,"AAA","2013J","resource","",""
546659,"AAA","2013J","forumng","",""
546915,"AAA","2013J","resource","",""
546690,"AAA","2013J","oucontent","",""
546970,"AAA","2013J","resource","",""
546731,"AAA","2013J","oucontent","",""
547012,"AAA","2013J","resource","",""
547067,"AAA","2013J","oucollaborate","",""
546656,"AAA","2013J","forumng","",""
546911,"AAA","2013J","resource","",""
546687,"AAA","2013J","oucontent","",""
546965,"AAA","2013J","resource","",""
546725,"AAA","2013J","oucontent","",""
547008,"AAA","2013J","resource","",""
547049,"AAA","2013J","dataplus","",""
546653,"AAA","2013J","forumng","",""
546907,"AAA","2013J","resource","",""
546955,"AAA","2013J","resource","",""
546719,"AAA","2013J","oucontent","1","1"
547005,"AAA","2013J","resource","",""
547043,"AAA","2013J","resource","",""
546650,"AAA","2013J","forumng","",""
546904,"AAA","2013J","url","",""
546684,"AAA","2013J","oucontent","",""
546949,"AAA","2013J","resource","",""
546715,"AAA","2013J","oucontent","",""
547002,"AAA","2013J","resource","",""
547038,"AAA","2013J","resource","",""
546647,"AAA","2013J","forumng","",""
546900,"AAA","2013J","url","",""
546681,"AAA","2013J","oucontent","1","1"
877162,"AAA","2014J","resource","",""
877223,"AAA","2014J","resource","",""
877032,"AAA","2014J","oucontent","",""
877263,"AAA","2014J","resource","",""
877064,"AAA","2014J","oucontent","",""
877098,"AAA","2014J","oucontent","",""
877157,"AAA","2014J","resource","",""
877220,"AAA","2014J","resource","",""
877029,"AAA","2014J","glossary","",""
877260,"AAA","2014J","resource","",""
877061,"AAA","2014J","oucontent","",""
1032910,"AAA","2014J","url","",""
877094,"AAA","2014J","oucontent","",""
877154,"AAA","2014J","resource","",""
877217,"AAA","2014J","resource","",""
877025,"AAA","2014J","forumng","",""
877256,"AAA","2014J","resource","",""
877058,"AAA","2014J","oucontent","",""
877423,"AAA","2014J","dataplus","",""
877091,"AAA","2014J","oucontent","",""
877151,"AAA","2014J","resource","",""
877214,"AAA","2014J","resource","",""
877012,"AAA","2014J","forumng","",""
877253,"AAA","2014J","resource","",""
877055,"AAA","2014J","oucontent","",""
877420,"AAA","2014J","dataplus","",""
877088,"AAA","2014J","oucontent","",""
877148,"AAA","2014J","resource","",""
877211,"AAA","2014J","resource","",""
877247,"AAA","2014J","resource","",""
877052,"AAA","2014J","oucontent","",""
877402,"AAA","2014J","url","",""
877085,"AAA","2014J","oucontent","",""
877145,"AAA","2014J","resource","",""
877208,"AAA","2014J","resource","",""
877244,"AAA","2014J","resource","",""
877049,"AAA","2014J","oucontent","",""
877397,"AAA","2014J","url","",""
877081,"AAA","2014J","oucontent","",""
877142,"AAA","2014J","resource","",""
877203,"AAA","2014J","resource","",""
877241,"AAA","2014J","resource","",""
877046,"AAA","2014J","oucontent","",""
877394,"AAA","2014J","url","",""
877078,"AAA","2014J","oucontent","",""
877197,"AAA","2014J","resource","",""
877237,"AAA","2014J","resource","",""
877043,"AAA","2014J","oucontent","",""
877387,"AAA","2014J","url","",""
877075,"AAA","2014J","oucontent","",""
877139,"AAA","2014J","resource","",""
877190,"AAA","2014J","resource","",""
877233,"AAA","2014J","resource","",""
877040,"AAA","2014J","oucontent","2","2"
877384,"AAA","2014J","url","",""
877072,"AAA","2014J","oucontent","",""
877135,"AAA","2014J","subpage","",""
877184,"AAA","2014J","resource","",""
877229,"AAA","2014J","resource","",""
877037,"AAA","2014J","oucontent","",""
877380,"AAA","2014J","oucollaborate","",""
877069,"AAA","2014J","oucontent","",""
877132,"AAA","2014J","subpage","",""
877172,"AAA","2014J","resource","",""
877225,"AAA","2014J","resource","",""
877034,"AAA","2014J","oucontent","",""
877265,"AAA","2014J","resource","",""
877066,"AAA","2014J","oucontent","",""
877100,"AAA","2014J","oucontent","",""
877159,"AAA","2014J","resource","",""
877222,"AAA","2014J","resource","",""
877031,"AAA","2014J","oucontent","",""
877262,"AAA","2014J","resource","",""
877063,"AAA","2014J","oucontent","",""
1072237,"AAA","2014J","url","",""
877096,"AAA","2014J","oucontent","",""
877156,"AAA","2014J","resource","",""
877219,"AAA","2014J","resource","",""
877028,"AAA","2014J","glossary","",""
877259,"AAA","2014J","resource","",""
877060,"AAA","2014J","oucontent","",""
1027118,"AAA","2014J","url","",""
877093,"AAA","2014J","oucontent","",""
877153,"AAA","2014J","resource","",""
877216,"AAA","2014J","resource","",""
877023,"AAA","2014J","forumng","",""
877255,"AAA","2014J","resource","",""
877057,"AAA","2014J","oucontent","",""
877422,"AAA","2014J","dataplus","",""
877090,"AAA","2014J","oucontent","",""
877150,"AAA","2014J","resource","",""
877213,"AAA","2014J","resource","",""
877011,"AAA","2014J","forumng","",""
877252,"AAA","2014J","resource","",""
877054,"AAA","2014J","oucontent","",""
877404,"AAA","2014J","url","",""
877087,"AAA","2014J","oucontent","",""
877147,"AAA","2014J","resource","",""
877210,"AAA","2014J","resource","",""
877246,"AAA","2014J","resource","",""
877051,"AAA","2014J","oucontent","",""
877399,"AAA","2014J","url","",""
877084,"AAA","2014J","oucontent","",""
877144,"AAA","2014J","resource","",""
877207,"AAA","2014J","resource","",""
877243,"AAA","2014J","resource","",""
877048,"AAA","2014J","oucontent","",""
877396,"AAA","2014J","url","",""
877080,"AAA","2014J","oucontent","",""
877141,"AAA","2014J","resource","",""
877199,"AAA","2014J","resource","",""
877240,"AAA","2014J","resource","",""
877045,"AAA","2014J","oucontent","1","1"
877393,"AAA","2014J","url","",""
877077,"AAA","2014J","oucontent","",""
877196,"AAA","2014J","resource","",""
877236,"AAA","2014J","resource","",""
877042,"AAA","2014J","oucontent","",""
877386,"AAA","2014J","url","",""
877074,"AAA","2014J","oucontent","",""
877138,"AAA","2014J","resource","",""
877187,"AAA","2014J","resource","",""
877231,"AAA","2014J","resource","",""
877039,"AAA","2014J","oucontent","",""
877383,"AAA","2014J","url","",""
877071,"AAA","2014J","oucontent","",""
877134,"AAA","2014J","subpage","",""
877182,"AAA","2014J","resource","",""
877228,"AAA","2014J","resource","",""
877036,"AAA","2014J","oucontent","",""
877379,"AAA","2014J","oucollaborate","",""
877068,"AAA","2014J","oucontent","",""
877129,"AAA","2014J","subpage","",""
877168,"AAA","2014J","resource","",""
877224,"AAA","2014J","resource","",""
877033,"AAA","2014J","oucontent","",""
877264,"AAA","2014J","resource","",""
877065,"AAA","2014J","oucontent","",""
877099,"AAA","2014J","oucontent","",""
877158,"AAA","2014J","resource","",""
877221,"AAA","2014J","resource","",""
877030,"AAA","2014J","homepage","",""
877261,"AAA","2014J","resource","",""
877062,"AAA","2014J","oucontent","",""
1072236,"AAA","2014J","resource","",""
877095,"AAA","2014J","oucontent","",""
877155,"AAA","2014J","resource","",""
877218,"AAA","2014J","resource","",""
877026,"AAA","2014J","forumng","",""
877258,"AAA","2014J","resource","",""
877059,"AAA","2014J","oucontent","",""
1010323,"AAA","2014J","resource","",""
877092,"AAA","2014J","oucontent","",""
877152,"AAA","2014J","resource","",""
877215,"AAA","2014J","resource","",""
877015,"AAA","2014J","forumng","",""
877254,"AAA","2014J","resource","",""
877056,"AAA","2014J","oucontent","",""
877421,"AAA","2014J","dataplus","",""
877089,"AAA","2014J","oucontent","",""
877149,"AAA","2014J","resource","",""
877212,"AAA","2014J","resource","",""
877248,"AAA","2014J","resource","",""
877053,"AAA","2014J","oucontent","",""
877403,"AAA","2014J","url","",""
877086,"AAA","2014J","oucontent","",""
877146,"AAA","2014J","resource","",""
877209,"AAA","2014J","resource","",""
877245,"AAA","2014J","resource","",""
877050,"AAA","2014J","oucontent","",""
877398,"AAA","2014J","url","",""
877082,"AAA","2014J","oucontent","",""
877143,"AAA","2014J","resource","",""
877206,"AAA","2014J","resource","",""
877242,"AAA","2014J","resource","",""
877047,"AAA","2014J","oucontent","",""
877395,"AAA","2014J","url","",""
877079,"AAA","2014J","oucontent","",""
877198,"AAA","2014J","resource","",""
877238,"AAA","2014J","resource","",""
877044,"AAA","2014J","oucontent","1","1"
877392,"AAA","2014J","url","",""
877076,"AAA","2014J","oucontent","",""
877140,"AAA","2014J","resource","",""
877195,"AAA","2014J","resource","",""
877234,"AAA","2014J","resource","",""
877041,"AAA","2014J","oucontent","",""
877385,"AAA","2014J","url","",""
877073,"AAA","2014J","oucontent","",""
877137,"AAA","2014J","resource","",""
877186,"AAA","2014J","resource","",""
877230,"AAA","2014J","resource","",""
877038,"AAA","2014J","oucontent","",""
877381,"AAA","2014J","url","",""
877070,"AAA","2014J","oucontent","",""
877133,"AAA","2014J","subpage","",""
877180,"AAA","2014J","resource","",""
877227,"AAA","2014J","resource","",""
877035,"AAA","2014J","oucontent","",""
877266,"AAA","2014J","resource","",""
877067,"AAA","2014J","oucontent","",""
877128,"AAA","2014J","subpage","",""
543306,"BBB","2013B","resource","",""
542803,"BBB","2013B","forumng","",""
543170,"BBB","2013B","resource","",""
543040,"BBB","2013B","subpage","",""
543202,"BBB","2013B","resource","",""
543074,"BBB","2013B","subpage","",""
543236,"BBB","2013B","resource","",""
543106,"BBB","2013B","resource","",""
543274,"BBB","2013B","resource","",""
543138,"BBB","2013B","resource","",""
542799,"BBB","2013B","forumng","",""
543167,"BBB","2013B","resource","",""
543037,"BBB","2013B","url","",""
543199,"BBB","2013B","resource","",""
543071,"BBB","2013B","subpage","",""
543233,"BBB","2013B","resource","",""
543103,"BBB","2013B","resource","",""
543271,"BBB","2013B","resource","",""
543135,"BBB","2013B","resource","",""
543303,"BBB","2013B","resource","",""
542796,"BBB","2013B","forumng","",""
543164,"BBB","2013B","resource","",""
543031,"BBB","2013B","url","",""
543196,"BBB","2013B","resource","",""
543067,"BBB","2013B","subpage","",""
543230,"BBB","2013B","resource","",""
543100,"BBB","2013B","resource","",""
543268,"BBB","2013B","resource","",""
543132,"BBB","2013B","resource","",""
543300,"BBB","2013B","resource","",""
542792,"BBB","2013B","forumng","",""
543161,"BBB","2013B","resource","",""
543027,"BBB","2013B","url","",""
543193,"BBB","2013B","resource","",""
543063,"BBB","2013B","subpage","",""
543227,"BBB","2013B","resource","",""
543097,"BBB","2013B","resource","",""
543259,"BBB","2013B","resource","",""
543265,"BBB","2013B","resource","",""
543129,"BBB","2013B","resource","",""
543297,"BBB","2013B","resource","",""
543158,"BBB","2013B","resource","",""
543024,"BBB","2013B","url","",""
543190,"BBB","2013B","resource","",""
543060,"BBB","2013B","subpage","",""
543224,"BBB","2013B","resource","",""
543094,"BBB","2013B","resource","",""
543256,"BBB","2013B","resource","",""
543262,"BBB","2013B","resource","",""
543126,"BBB","2013B","resource","",""
543294,"BBB","2013B","resource","",""
543155,"BBB","2013B","resource","",""
543021,"BBB","2013B","url","",""
543187,"BBB","2013B","resource","",""
543057,"BBB","2013B","subpage","",""
543221,"BBB","2013B","resource","",""
543091,"BBB","2013B","resource","",""
543253,"BBB","2013B","resource","",""
543123,"BBB","2013B","resource","",""
543291,"BBB","2013B","resource","",""
543152,"BBB","2013B","resource","",""
542894,"BBB","2013B","quiz","",""
543184,"BBB","2013B","resource","",""
543054,"BBB","2013B","subpage","",""
543217,"BBB","2013B","resource","",""
543088,"BBB","2013B","resource","",""
543250,"BBB","2013B","resource","",""
543120,"BBB","2013B","resource","",""
543288,"BBB","2013B","resource","",""
543324,"BBB","2013B","ouelluminate","",""
542891,"BBB","2013B","quiz","",""
543181,"BBB","2013B","resource","",""
543051,"BBB","2013B","subpage","",""
543213,"BBB","2013B","resource","",""
543085,"BBB","2013B","resource","",""
543247,"BBB","2013B","resource","",""
543117,"BBB","2013B","resource","",""
543285,"BBB","2013B","resource","",""
543149,"BBB","2013B","resource","",""
543314,"BBB","2013B","resource","",""
542812,"BBB","2013B","glossary","",""
543178,"BBB","2013B","resource","",""
543048,"BBB","2013B","subpage","",""
543210,"BBB","2013B","resource","",""
543082,"BBB","2013B","resource","",""
543244,"BBB","2013B","resource","",""
543114,"BBB","2013B","resource","",""
543282,"BBB","2013B","resource","",""
543146,"BBB","2013B","resource","",""
543311,"BBB","2013B","resource","",""
542808,"BBB","2013B","forumng","",""
543175,"BBB","2013B","resource","",""
543045,"BBB","2013B","subpage","",""
543207,"BBB","2013B","resource","",""
543079,"BBB","2013B","resource","",""
543241,"BBB","2013B","resource","",""
543111,"BBB","2013B","resource","",""
543279,"BBB","2013B","resource","",""
543143,"BBB","2013B","resource","",""
543308,"BBB","2013B","resource","",""
542805,"BBB","2013B","forumng","",""
543172,"BBB","2013B","resource","",""
543042,"BBB","2013B","subpage","",""
543204,"BBB","2013B","resource","",""
543076,"BBB","2013B","subpage","",""
543238,"BBB","2013B","resource","",""
543108,"BBB","2013B","resource","",""
543276,"BBB","2013B","resource","",""
543140,"BBB","2013B","resource","",""
542802,"BBB","2013B","forumng","",""
543169,"BBB","2013B","resource","",""
543039,"BBB","2013B","subpage","",""
543201,"BBB","2013B","resource","",""
543073,"BBB","2013B","subpage","",""
543235,"BBB","2013B","resource","",""
543105,"BBB","2013B","resource","",""
543273,"BBB","2013B","resource","",""
543137,"BBB","2013B","resource","",""
543305,"BBB","2013B","resource","",""
542798,"BBB","2013B","forumng","",""
543166,"BBB","2013B","resource","",""
543036,"BBB","2013B","url","",""
543198,"BBB","2013B","resource","",""
543069,"BBB","2013B","subpage","",""
543232,"BBB","2013B","resource","",""
543102,"BBB","2013B","resource","",""
543270,"BBB","2013B","resource","",""
543134,"BBB","2013B","resource","",""
543302,"BBB","2013B","resource","",""
542795,"BBB","2013B","forumng","",""
543163,"BBB","2013B","resource","",""
543029,"BBB","2013B","url","",""
543195,"BBB","2013B","resource","",""
543066,"BBB","2013B","subpage","",""
543229,"BBB","2013B","resource","",""
543099,"BBB","2013B","resource","",""
543261,"BBB","2013B","resource","",""
543267,"BBB","2013B","resource","",""
543131,"BBB","2013B","resource","",""
543299,"BBB","2013B","resource","",""
543160,"BBB","2013B","resource","",""
543026,"BBB","2013B","url","",""
543192,"BBB","2013B","resource","",""
543062,"BBB","2013B","subpage","",""
543226,"BBB","2013B","resource","",""
543096,"BBB","2013B","resource","",""
543258,"BBB","2013B","resource","",""
543264,"BBB","2013B","resource","",""
543128,"BBB","2013B","resource","",""
543296,"BBB","2013B","resource","",""
543157,"BBB","2013B","resource","",""
543023,"BBB","2013B","url","",""
543189,"BBB","2013B","resource","",""
543059,"BBB","2013B","subpage","",""
543223,"BBB","2013B","resource","",""
543093,"BBB","2013B","resource","",""
543255,"BBB","2013B","resource","",""
543125,"BBB","2013B","resource","",""
543293,"BBB","2013B","resource","",""
543154,"BBB","2013B","resource","",""
543020,"BBB","2013B","url","",""
543186,"BBB","2013B","resource","",""
543056,"BBB","2013B","subpage","",""
543220,"BBB","2013B","resource","",""
543090,"BBB","2013B","resource","",""
543252,"BBB","2013B","resource","",""
543122,"BBB","2013B","resource","",""
543290,"BBB","2013B","resource","",""
542893,"BBB","2013B","quiz","",""
543183,"BBB","2013B","resource","",""
543053,"BBB","2013B","subpage","",""
543215,"BBB","2013B","resource","",""
543087,"BBB","2013B","resource","",""
543249,"BBB","2013B","resource","",""
543119,"BBB","2013B","resource","",""
543287,"BBB","2013B","resource","",""
543151,"BBB","2013B","resource","",""
543322,"BBB","2013B","sharedsubpage","",""
542889,"BBB","2013B","oucontent","",""
543180,"BBB","2013B","resource","",""
543050,"BBB","2013B","subpage","",""
543212,"BBB","2013B","resource","",""
543084,"BBB","2013B","resource","",""
543246,"BBB","2013B","resource","",""
543116,"BBB","2013B","resource","",""
543284,"BBB","2013B","resource","",""
543148,"BBB","2013B","resource","",""
543313,"BBB","2013B","resource","",""
542811,"BBB","2013B","forumng","",""
543177,"BBB","2013B","resource","",""
543047,"BBB","2013B","subpage","",""
543209,"BBB","2013B","resource","",""
543081,"BBB","2013B","resource","",""
543243,"BBB","2013B","resource","",""
543113,"BBB","2013B","resource","",""
543281,"BBB","2013B","resource","",""
543145,"BBB","2013B","resource","",""
543310,"BBB","2013B","resource","",""
542807,"BBB","2013B","forumng","",""
543174,"BBB","2013B","resource","",""
543044,"BBB","2013B","subpage","",""
543206,"BBB","2013B","resource","",""
543078,"BBB","2013B","resource","",""
543240,"BBB","2013B","resource","",""
543110,"BBB","2013B","resource","",""
543278,"BBB","2013B","resource","",""
543142,"BBB","2013B","resource","",""
543307,"BBB","2013B","resource","",""
542804,"BBB","2013B","forumng","",""
543171,"BBB","2013B","resource","",""
543041,"BBB","2013B","subpage","",""
543203,"BBB","2013B","resource","",""
543075,"BBB","2013B","subpage","",""
543237,"BBB","2013B","resource","",""
543107,"BBB","2013B","resource","",""
543275,"BBB","2013B","resource","",""
543139,"BBB","2013B","resource","",""
542800,"BBB","2013B","forumng","",""
543168,"BBB","2013B","resource","",""
543038,"BBB","2013B","url","",""
543200,"BBB","2013B","resource","",""
543072,"BBB","2013B","subpage","",""
543234,"BBB","2013B","resource","",""
543104,"BBB","2013B","resource","",""
543272,"BBB","2013B","resource","",""
543136,"BBB","2013B","resource","",""
543304,"BBB","2013B","resource","",""
542797,"BBB","2013B","forumng","",""
543165,"BBB","2013B","resource","",""
543032,"BBB","2013B","url","",""
543197,"BBB","2013B","resource","",""
543068,"BBB","2013B","subpage","",""
543231,"BBB","2013B","resource","",""
543101,"BBB","2013B","resource","",""
543269,"BBB","2013B","resource","",""
543133,"BBB","2013B","resource","",""
543301,"BBB","2013B","resource","",""
542794,"BBB","2013B","forumng","",""
543162,"BBB","2013B","resource","",""
543028,"BBB","2013B","url","",""
543194,"BBB","2013B","resource","",""
543065,"BBB","2013B","subpage","",""
543228,"BBB","2013B","resource","",""
543098,"BBB","2013B","resource","",""
543260,"BBB","2013B","resource","",""
543266,"BBB","2013B","resource","",""
543130,"BBB","2013B","resource","",""
543298,"BBB","2013B","resource","",""
543159,"BBB","2013B","resource","",""
543025,"BBB","2013B","url","",""
543191,"BBB","2013B","resource","",""
543061,"BBB","2013B","subpage","",""
543225,"BBB","2013B","resource","",""
543095,"BBB","2013B","resource","",""
543257,"BBB","2013B","resource","",""
543263,"BBB","2013B","resource","",""
543127,"BBB","2013B","resource","",""
543295,"BBB","2013B","resource","",""
543156,"BBB","2013B","resource","",""
543022,"BBB","2013B","url","",""
543188,"BBB","2013B","resource","",""
543058,"BBB","2013B","subpage","",""
543222,"BBB","2013B","resource","",""
543092,"BBB","2013B","resource","",""
543254,"BBB","2013B","resource","",""
543124,"BBB","2013B","resource","",""
543292,"BBB","2013B","resource","",""
543153,"BBB","2013B","resource","",""
542895,"BBB","2013B","quiz","",""
543185,"BBB","2013B","resource","",""
543055,"BBB","2013B","subpage","",""
543218,"BBB","2013B","resource","",""
543089,"BBB","2013B","resource","",""
543251,"BBB","2013B","resource","",""
543121,"BBB","2013B","resource","",""
543289,"BBB","2013B","resource","",""
542892,"BBB","2013B","quiz","",""
543182,"BBB","2013B","resource","",""
543052,"BBB","2013B","subpage","",""
543214,"BBB","2013B","resource","",""
543086,"BBB","2013B","resource","",""
543248,"BBB","2013B","resource","",""
543118,"BBB","2013B","resource","",""
543286,"BBB","2013B","resource","",""
543150,"BBB","2013B","resource","",""
543315,"BBB","2013B","resource","",""
542864,"BBB","2013B","homepage","",""
543179,"BBB","2013B","resource","",""
543049,"BBB","2013B","subpage","",""
543211,"BBB","2013B","resource","",""
543083,"BBB","2013B","resource","",""
543245,"BBB","2013B","resource","",""
543115,"BBB","2013B","resource","",""
543283,"BBB","2013B","resource","",""
543147,"BBB","2013B","resource","",""
543312,"BBB","2013B","resource","",""
542810,"BBB","2013B","forumng","",""
543176,"BBB","2013B","resource","",""
543046,"BBB","2013B","subpage","",""
543208,"BBB","2013B","resource","",""
543080,"BBB","2013B","resource","",""
543242,"BBB","2013B","resource","",""
543112,"BBB","2013B","resource","",""
543280,"BBB","2013B","resource","",""
543144,"BBB","2013B","resource","",""
543309,"BBB","2013B","resource","",""
542806,"BBB","2013B","forumng","",""
543173,"BBB","2013B","resource","",""
543043,"BBB","2013B","subpage","",""
543205,"BBB","2013B","resource","",""
543077,"BBB","2013B","subpage","",""
543239,"BBB","2013B","resource","",""
543109,"BBB","2013B","resource","",""
543277,"BBB","2013B","resource","",""
543141,"BBB","2013B","resource","",""
703732,"BBB","2013J","forumng","",""
704084,"BBB","2013J","resource","9","9"
703951,"BBB","2013J","subpage","11","11"
704116,"BBB","2013J","resource","22","22"
703986,"BBB","2013J","resource","",""
704148,"BBB","2013J","resource","",""
704018,"BBB","2013J","resource","",""
704180,"BBB","2013J","resource","",""
704050,"BBB","2013J","resource","",""
704212,"BBB","2013J","resource","",""
704081,"BBB","2013J","resource","6","6"
703948,"BBB","2013J","subpage","8","8"
704113,"BBB","2013J","resource","19","19"
703983,"BBB","2013J","resource","",""
704145,"BBB","2013J","resource","",""
704015,"BBB","2013J","resource","",""
704177,"BBB","2013J","resource","",""
704047,"BBB","2013J","resource","",""
704209,"BBB","2013J","resource","",""
703729,"BBB","2013J","forumng","",""
704078,"BBB","2013J","resource","4","4"
703945,"BBB","2013J","subpage","4","4"
704110,"BBB","2013J","resource","15","15"
703979,"BBB","2013J","resource","",""
704142,"BBB","2013J","resource","",""
704012,"BBB","2013J","resource","",""
704174,"BBB","2013J","resource","",""
704044,"BBB","2013J","resource","",""
704206,"BBB","2013J","resource","",""
703726,"BBB","2013J","forumng","",""
703942,"BBB","2013J","subpage","",""
704107,"BBB","2013J","resource","14","14"
703974,"BBB","2013J","subpage","",""
704139,"BBB","2013J","resource","",""
704009,"BBB","2013J","resource","",""
704171,"BBB","2013J","resource","",""
704041,"BBB","2013J","resource","",""
704203,"BBB","2013J","resource","",""
703722,"BBB","2013J","forumng","",""
704075,"BBB","2013J","resource","4","4"
704238,"BBB","2013J","url","25","25"
703939,"BBB","2013J","subpage","",""
704104,"BBB","2013J","resource","14","14"
703971,"BBB","2013J","subpage","",""
704136,"BBB","2013J","resource","",""
704006,"BBB","2013J","resource","",""
704168,"BBB","2013J","resource","",""
704038,"BBB","2013J","resource","",""
704200,"BBB","2013J","resource","",""
704071,"BBB","2013J","resource","1","1"
703901,"BBB","2013J","oucontent","",""
704101,"BBB","2013J","resource","",""
703968,"BBB","2013J","subpage","",""
704133,"BBB","2013J","resource","",""
704003,"BBB","2013J","resource","",""
704165,"BBB","2013J","resource","",""
704035,"BBB","2013J","resource","",""
704197,"BBB","2013J","resource","",""
704067,"BBB","2013J","resource","",""
704235,"BBB","2013J","url","20","20"
703897,"BBB","2013J","quiz","",""
704098,"BBB","2013J","resource","",""
703965,"BBB","2013J","subpage","27","27"
704130,"BBB","2013J","resource","",""
704000,"BBB","2013J","resource","",""
704162,"BBB","2013J","resource","",""
704032,"BBB","2013J","resource","",""
704194,"BBB","2013J","resource","",""
704064,"BBB","2013J","resource","",""
704232,"BBB","2013J","url","16","16"
703894,"BBB","2013J","quiz","",""
704095,"BBB","2013J","resource","",""
703962,"BBB","2013J","subpage","24","24"
704127,"BBB","2013J","resource","",""
703997,"BBB","2013J","resource","",""
704159,"BBB","2013J","resource","",""
704029,"BBB","2013J","resource","",""
704191,"BBB","2013J","resource","",""
704061,"BBB","2013J","resource","",""
704228,"BBB","2013J","url","3","3"
703740,"BBB","2013J","forumng","",""
704092,"BBB","2013J","resource","",""
703959,"BBB","2013J","subpage","21","21"
704124,"BBB","2013J","resource","",""
703994,"BBB","2013J","resource","",""
704156,"BBB","2013J","resource","",""
704026,"BBB","2013J","resource","",""
704188,"BBB","2013J","resource","",""
704058,"BBB","2013J","resource","",""
704224,"BBB","2013J","url","",""
703737,"BBB","2013J","forumng","",""
704089,"BBB","2013J","resource","",""
703956,"BBB","2013J","subpage","18","18"
704121,"BBB","2013J","resource","26","26"
703991,"BBB","2013J","resource","",""
704153,"BBB","2013J","resource","",""
704023,"BBB","2013J","resource","",""
704185,"BBB","2013J","resource","",""
704055,"BBB","2013J","resource","",""
704218,"BBB","2013J","resource","",""
703734,"BBB","2013J","forumng","",""
704086,"BBB","2013J","resource","10","10"
703953,"BBB","2013J","subpage","14","14"
704118,"BBB","2013J","resource","24","24"
703988,"BBB","2013J","resource","",""
704150,"BBB","2013J","resource","",""
704020,"BBB","2013J","resource","",""
704182,"BBB","2013J","resource","",""
704052,"BBB","2013J","resource","",""
704214,"BBB","2013J","resource","",""
704083,"BBB","2013J","resource","8","8"
703950,"BBB","2013J","subpage","10","10"
704115,"BBB","2013J","resource","21","21"
703985,"BBB","2013J","resource","",""
704147,"BBB","2013J","resource","",""
704017,"BBB","2013J","resource","",""
704179,"BBB","2013J","resource","",""
704049,"BBB","2013J","resource","",""
704211,"BBB","2013J","resource","",""
703731,"BBB","2013J","forumng","",""
704080,"BBB","2013J","resource","5","5"
703947,"BBB","2013J","subpage","6","6"
704112,"BBB","2013J","resource","18","18"
703982,"BBB","2013J","resource","",""
704144,"BBB","2013J","resource","",""
704014,"BBB","2013J","resource","",""
704176,"BBB","2013J","resource","",""
704046,"BBB","2013J","resource","",""
704208,"BBB","2013J","resource","",""
703728,"BBB","2013J","forumng","",""
703944,"BBB","2013J","subpage","2","2"
704109,"BBB","2013J","resource","15","15"
703977,"BBB","2013J","subpage","",""
704141,"BBB","2013J","resource","",""
704011,"BBB","2013J","resource","",""
704173,"BBB","2013J","resource","",""
704043,"BBB","2013J","resource","",""
704205,"BBB","2013J","resource","",""
703725,"BBB","2013J","forumng","",""
704077,"BBB","2013J","resource","4","4"
704240,"BBB","2013J","url","28","28"
703941,"BBB","2013J","subpage","",""
704106,"BBB","2013J","resource","14","14"
703973,"BBB","2013J","subpage","",""
704138,"BBB","2013J","resource","",""
704008,"BBB","2013J","resource","",""
704170,"BBB","2013J","resource","",""
704040,"BBB","2013J","resource","",""
704202,"BBB","2013J","resource","",""
703721,"BBB","2013J","homepage","",""
704074,"BBB","2013J","resource","2","2"
703933,"BBB","2013J","sharedsubpage","",""
704103,"BBB","2013J","resource","14","14"
703970,"BBB","2013J","subpage","",""
704135,"BBB","2013J","resource","",""
704005,"BBB","2013J","resource","",""
704167,"BBB","2013J","resource","",""
704037,"BBB","2013J","resource","",""
704199,"BBB","2013J","resource","",""
704069,"BBB","2013J","resource","",""
704237,"BBB","2013J","url","23","23"
703900,"BBB","2013J","oucontent","1","1"
704100,"BBB","2013J","resource","",""
703967,"BBB","2013J","subpage","",""
704132,"BBB","2013J","resource","",""
704002,"BBB","2013J","resource","",""
704164,"BBB","2013J","resource","",""
704034,"BBB","2013J","resource","",""
704196,"BBB","2013J","resource","",""
704066,"BBB","2013J","resource","",""
704234,"BBB","2013J","url","16","16"
703896,"BBB","2013J","quiz","",""
704097,"BBB","2013J","resource","",""
703964,"BBB","2013J","subpage","26","26"
704129,"BBB","2013J","resource","",""
703999,"BBB","2013J","resource","",""
704161,"BBB","2013J","resource","",""
704031,"BBB","2013J","resource","",""
704193,"BBB","2013J","resource","",""
704063,"BBB","2013J","resource","",""
704231,"BBB","2013J","url","15","15"
703742,"BBB","2013J","glossary","",""
704094,"BBB","2013J","resource","",""
703961,"BBB","2013J","subpage","23","23"
704126,"BBB","2013J","resource","",""
703996,"BBB","2013J","resource","",""
704158,"BBB","2013J","resource","",""
704028,"BBB","2013J","resource","",""
704190,"BBB","2013J","resource","",""
704060,"BBB","2013J","resource","",""
704227,"BBB","2013J","url","",""
703739,"BBB","2013J","forumng","",""
704091,"BBB","2013J","resource","",""
703958,"BBB","2013J","subpage","20","20"
704123,"BBB","2013J","resource","",""
703993,"BBB","2013J","resource","",""
704155,"BBB","2013J","resource","",""
704025,"BBB","2013J","resource","",""
704187,"BBB","2013J","resource","",""
704057,"BBB","2013J","resource","",""
704222,"BBB","2013J","oucollaborate","",""
703736,"BBB","2013J","forumng","",""
704088,"BBB","2013J","resource","13","13"
703955,"BBB","2013J","subpage","16","16"
704120,"BBB","2013J","resource","25","25"
703990,"BBB","2013J","resource","",""
704152,"BBB","2013J","resource","",""
704022,"BBB","2013J","resource","",""
704184,"BBB","2013J","resource","",""
704054,"BBB","2013J","resource","",""
704217,"BBB","2013J","resource","1","1"
703733,"BBB","2013J","forumng","",""
704085,"BBB","2013J","resource","9","9"
703952,"BBB","2013J","subpage","13","13"
704117,"BBB","2013J","resource","23","23"
703987,"BBB","2013J","resource","",""
704149,"BBB","2013J","resource","",""
704019,"BBB","2013J","resource","",""
704181,"BBB","2013J","resource","",""
704051,"BBB","2013J","resource","",""
704213,"BBB","2013J","resource","",""
704082,"BBB","2013J","resource","8","8"
703949,"BBB","2013J","subpage","9","9"
704114,"BBB","2013J","resource","20","20"
703984,"BBB","2013J","resource","",""
704146,"BBB","2013J","resource","",""
704016,"BBB","2013J","resource","",""
704178,"BBB","2013J","resource","",""
704048,"BBB","2013J","resource","",""
704210,"BBB","2013J","resource","",""
703730,"BBB","2013J","forumng","",""
704079,"BBB","2013J","resource","5","5"
703946,"BBB","2013J","subpage","5","5"
704111,"BBB","2013J","resource","16","16"
703981,"BBB","2013J","resource","",""
704143,"BBB","2013J","resource","",""
704013,"BBB","2013J","resource","",""
704175,"BBB","2013J","resource","",""
704045,"BBB","2013J","resource","",""
704207,"BBB","2013J","resource","",""
703727,"BBB","2013J","forumng","",""
703943,"BBB","2013J","subpage","1","1"
704108,"BBB","2013J","resource","15","15"
703975,"BBB","2013J","subpage","",""
704140,"BBB","2013J","resource","",""
704010,"BBB","2013J","resource","",""
704172,"BBB","2013J","resource","",""
704042,"BBB","2013J","resource","",""
704204,"BBB","2013J","resource","",""
703723,"BBB","2013J","forumng","",""
704076,"BBB","2013J","resource","4","4"
704239,"BBB","2013J","url","27","27"
703940,"BBB","2013J","subpage","",""
704105,"BBB","2013J","resource","14","14"
703972,"BBB","2013J","subpage","",""
704137,"BBB","2013J","resource","",""
704007,"BBB","2013J","resource","",""
704169,"BBB","2013J","resource","",""
704039,"BBB","2013J","resource","",""
704201,"BBB","2013J","resource","",""
704073,"BBB","2013J","resource","2","2"
703902,"BBB","2013J","oucontent","",""
704102,"BBB","2013J","resource","14","14"
703969,"BBB","2013J","subpage","",""
704134,"BBB","2013J","resource","",""
704004,"BBB","2013J","resource","",""
704166,"BBB","2013J","resource","",""
704036,"BBB","2013J","resource","",""
704198,"BBB","2013J","resource","",""
704068,"BBB","2013J","resource","",""
704236,"BBB","2013J","url","22","22"
703898,"BBB","2013J","quiz","",""
704099,"BBB","2013J","resource","",""
703966,"BBB","2013J","subpage","28","28"
704131,"BBB","2013J","resource","",""
704001,"BBB","2013J","resource","",""
704163,"BBB","2013J","resource","",""
704033,"BBB","2013J","resource","",""
704195,"BBB","2013J","resource","",""
704065,"BBB","2013J","resource","",""
704233,"BBB","2013J","url","16","16"
703895,"BBB","2013J","quiz","",""
704096,"BBB","2013J","resource","",""
703963,"BBB","2013J","subpage","25","25"
704128,"BBB","2013J","resource","",""
703998,"BBB","2013J","resource","",""
704160,"BBB","2013J","resource","",""
704030,"BBB","2013J","resource","",""
704192,"BBB","2013J","resource","",""
704062,"BBB","2013J","resource","",""
704229,"BBB","2013J","url","",""
703741,"BBB","2013J","forumng","",""
704093,"BBB","2013J","resource","",""
703960,"BBB","2013J","subpage","22","22"
704125,"BBB","2013J","resource","28","28"
703995,"BBB","2013J","resource","",""
704157,"BBB","2013J","resource","",""
704027,"BBB","2013J","resource","",""
704189,"BBB","2013J","resource","",""
704059,"BBB","2013J","resource","",""
704226,"BBB","2013J","url","",""
703738,"BBB","2013J","forumng","",""
704090,"BBB","2013J","resource","",""
703957,"BBB","2013J","subpage","19","19"
704122,"BBB","2013J","resource","27","27"
703992,"BBB","2013J","resource","",""
704154,"BBB","2013J","resource","",""
704024,"BBB","2013J","resource","",""
704186,"BBB","2013J","resource","",""
704056,"BBB","2013J","resource","",""
704221,"BBB","2013J","oucollaborate","",""
703735,"BBB","2013J","forumng","",""
704087,"BBB","2013J","resource","11","11"
703954,"BBB","2013J","subpage","15","15"
704119,"BBB","2013J","resource","",""
703989,"BBB","2013J","resource","",""
704151,"BBB","2013J","resource","",""
704021,"BBB","2013J","resource","",""
704183,"BBB","2013J","resource","",""
704053,"BBB","2013J","resource","",""
704215,"BBB","2013J","resource","1","1"
768516,"BBB","2014B","resource","",""
768377,"BBB","2014B","quiz","",""
768549,"BBB","2014B","resource","",""
768417,"BBB","2014B","subpage","27","27"
768585,"BBB","2014B","resource","",""
768451,"BBB","2014B","resource","",""
768624,"BBB","2014B","resource","",""
768484,"BBB","2014B","resource","",""
768656,"BBB","2014B","resource","",""
768513,"BBB","2014B","resource","",""
768349,"BBB","2014B","forumng","",""
768546,"BBB","2014B","resource","",""
768414,"BBB","2014B","subpage","23","23"
768582,"BBB","2014B","resource","",""
768448,"BBB","2014B","resource","",""
768615,"BBB","2014B","resource","",""
768621,"BBB","2014B","resource","",""
768481,"BBB","2014B","resource","",""
768653,"BBB","2014B","resource","",""
768786,"BBB","2014B","url","27","27"
768345,"BBB","2014B","forumng","",""
768543,"BBB","2014B","resource","",""
768411,"BBB","2014B","subpage","19","19"
768579,"BBB","2014B","resource","",""
768445,"BBB","2014B","resource","",""
768612,"BBB","2014B","resource","",""
768618,"BBB","2014B","resource","28","28"
768478,"BBB","2014B","resource","4","4"
768650,"BBB","2014B","resource","27","27"
768510,"BBB","2014B","resource","",""
768780,"BBB","2014B","url","",""
768341,"BBB","2014B","forumng","",""
768540,"BBB","2014B","resource","",""
768408,"BBB","2014B","subpage","15","15"
768574,"BBB","2014B","resource","",""
768442,"BBB","2014B","resource","",""
768609,"BBB","2014B","resource","",""
768475,"BBB","2014B","resource","1","1"
768647,"BBB","2014B","resource","",""
768507,"BBB","2014B","resource","",""
768777,"BBB","2014B","url","15","15"
768338,"BBB","2014B","forumng","",""
768537,"BBB","2014B","resource","",""
768405,"BBB","2014B","subpage","12","12"
768571,"BBB","2014B","resource","",""
768439,"BBB","2014B","resource","",""
768606,"BBB","2014B","resource","",""
768472,"BBB","2014B","resource","1","1"
768644,"BBB","2014B","resource","",""
768504,"BBB","2014B","resource","",""
